GameRulesetName,Id
Adugo,37
Asalto,1368
Bagh_Bandi,898
Bagh_Batti,766
Bagh_GutiKarwi_Described,632
Bagh_GutiCyningstan_Suggested,635
Bagh_GutiMurray_Suggested,634
Bagha_Guti,910
BaghchalBaghchal_Observed,38
BaghchalBaghachal_Observed,715
Bam_Blang_Beh_Khla,901
Bouge_Shodra,716
Cercar_La_LiebreAlfonso_X_Described,383
Cercar_La_LiebreMurray_Described,598
CoyoteMurray_Suggested,399
Demala_Diviyan_Keliya,397
Diviyan_Keliya,39
El_Cazador,1945
El_Perro,1942
El_Zorro,1943
Fox_and_GeeseThirteen_Geese_Murray_Described,411
Fox_and_GeeseSeventeen_Geese_Described,707
Gala_Buginese,1094
Gala,804
Gasetavl_Gedved,1085
Gasetavl,1084
Gioco_dellOrsoGioco_dellOrso_Described,1163
Gioco_dellOrsoBear_Wins_One_Round_Suggested,1956
Go_with_the_Floe,388
HaretavlHaretavl_Eleven_Points_Described,770
HaretavlHare_Wins_Suggested,1898
Hat_Diviyan_Keliya,390
Huli-Mane_Ata,1139
Hund_efter_Hare_ThyHund_efter_Hare_Thy_Observed,1082
Hund_efter_Hare_ThyHare_wins_Suggested,1953
Hund_efter_Hare_VendsysselHund_efter_Hare_Vendsyssel_Observed,1083
Hund_efter_Hare_VendsysselHare_Wins_Suggested,1954
Hyvn_aetter_HareHyvn_aetter_Hare_Described,521
Hyvn_aetter_HareHare_Wins_Suggested,1955
Janes_SoppiJanes_Soppi_Described,1072
Janes_SoppiHare_wins_Suggested,1952
Jeu_de_Renard_Two_Foxes,878
Jeu_de_Renard,877
Jeu_du_Renard_et_de_la_Poule,984
Jeu_MilitaireLucas_Described,387
Jeu_MilitaireGardner_Suggested,591
Jeu_MilitaireSchuh_Suggested,2881
Juroku_MusashiJuroku_Musashi_Described,170
Juroku_MusashiTsuboi_Described,654
Kaooa,468
Ko-app-paw-na,393
KomikanAraucania_Observed,338
KomikanMapuChess_Described,599
Koti_Keliya,741
Kulaochal,915
La_Liebre_Perseguida,1494
La_Yagua,1175
Len_Cua_Kin_Ngoa,985
Ludus_CoriovalliHaretavl_-_No_Extension_Joined_Diagonal_Suggested,1673
Ludus_CoriovalliHaretavl_-_Top_Extension_Joined_Diagonal_Suggested,1674
Ludus_CoriovalliHaretavl_-_Both_Extension_Joined_Diagonal_Suggested,1675
Ludus_CoriovalliHaretavl_-_No_Extension_No_Joined_Diagonal_Suggested,1676
Ludus_CoriovalliHaretavl_-_Top_Extension_No_Joined_Diagonal_Suggested,1677
Ludus_CoriovalliHaretavl_-_Both_Extension_No_Joined_Diagonal_Suggested,1678
Ludus_CoriovalliHaretavl_Switch_Players_-_No_Extension_Joined_Diagonal_Suggested,1679
Ludus_CoriovalliHaretavl_Switch_Players_-_Top_Extension_Joined_Diagonal_Suggested,1680
Ludus_CoriovalliHaretavl_Switch_Players_-_Both_Extension_Joined_Diagonal_Suggested,1681
Ludus_CoriovalliHaretavl_Switch_Players_-_No_Extension_No_Joined_Diagonal_Suggested,1682
Ludus_CoriovalliHaretavl_Switch_Players_-_Top_Extension_No_Joined_Diagonal_Suggested,1683
Ludus_CoriovalliHaretavl_Switch_Players_-_Both_Extension_No_Joined_Diagonal_Suggested,1684
Ludus_CoriovalliHaretavl_Two_Dogs_-_No_Extension_Joined_Diagonal_Suggested,1685
Ludus_CoriovalliHaretavl_Two_Dogs_-_Top_Extension_Joined_Diagonal_Suggested,1686
Ludus_CoriovalliHaretavl_Two_Dogs_-_Both_Extension_Joined_Diagonal_Suggested,1687
Ludus_CoriovalliHaretavl_Two_Dogs_-_No_Extension_No_Joined_Diagonal_Suggested,1688
Ludus_CoriovalliHaretavl_Two_Dogs_-_Top_Extension_No_Joined_Diagonal_Suggested,1689
Ludus_CoriovalliHaretavl_Two_Dogs_-_Both_Extension_No_Joined_Diagonal_Suggested,1690
Ludus_CoriovalliHaretavl_Switch_Players_Two_Dogs_-_No_Extension_Joined_Diagonal_Suggested,1691
Ludus_CoriovalliHaretavl_Switch_Players_Two_Dogs_-_Top_Extension_Joined_Diagonal_Suggested,1692
Ludus_CoriovalliHaretavl_Switch_Players_Two_Dogs_-_Both_Extension_Joined_Diagonal_Suggested,1693
Ludus_CoriovalliHaretavl_Switch_Players_Two_Dogs_-_No_Extension_No_Joined_Diagonal_Suggested,1694
Ludus_CoriovalliHaretavl_Switch_Players_Two_Dogs_-_Top_Extension_No_Joined_Diagonal_Suggested,1695
Ludus_CoriovalliHaretavl_Switch_Players_Two_Dogs_-_Both_Extension_No_Joined_Diagonal_Suggested,1696
Ludus_CoriovalliHaretavl_Three_Dogs_Two_Hares_-_No_Extension_Joined_Diagonal_Suggested,1697
Ludus_CoriovalliHaretavl_Three_Dogs_Two_Hares_-_Top_Extension_Joined_Diagonal_Suggested,1698
Ludus_CoriovalliHaretavl_Three_Dogs_Two_Hares_-_Both_Extension_Joined_Diagonal_Suggested,1699
Ludus_CoriovalliHaretavl_Three_Dogs_Two_Hares_-_No_Extension_No_Joined_Diagonal_Suggested,1700
Ludus_CoriovalliHaretavl_Three_Dogs_Two_Hares_-_Top_Extension_No_Joined_Diagonal_Suggested,1701
Ludus_CoriovalliHaretavl_Three_Dogs_Two_Hares_-_Both_Extension_No_Joined_Diagonal_Suggested,1702
Ludus_CoriovalliHaretavl_Four_Dogs_Two_Hares_-_No_Extension_Joined_Diagonal_Suggested,1703
Ludus_CoriovalliHaretavl_Four_Dogs_Two_Hares_-_Top_Extension_Joined_Diagonal_Suggested,1704
Ludus_CoriovalliHaretavl_Four_Dogs_Two_Hares_-_Both_Extension_Joined_Diagonal_Suggested,1705
Ludus_CoriovalliHaretavl_Four_Dogs_Two_Hares_-_No_Extension_No_Joined_Diagonal_Suggested,1706
Ludus_CoriovalliHaretavl_Four_Dogs_Two_Hares_-_Top_Extension_No_Joined_Diagonal_Suggested,1707
Ludus_CoriovalliHaretavl_Four_Dogs_Two_Hares_-_Both_Extension_No_Joined_Diagonal_Suggested,1708
Ludus_CoriovalliBlocking_Game_Four_pieces_-_No_Extension_Joined_Diagonal_Suggested,1715
Ludus_CoriovalliBlocking_Game_Four_pieces_-_Top_Extension_Joined_Diagonal_Suggested,1716
Ludus_CoriovalliBlocking_Game_Four_pieces_-_Both_Extension_Joined_Diagonal_Suggested,1717
Ludus_CoriovalliBlocking_Game_Four_pieces_-_No_Extension_No_Joined_Diagonal_Suggested,1718
Ludus_CoriovalliBlocking_Game_Four_pieces_-_Top_Extension_No_Joined_Diagonal_Suggested,1719
Ludus_CoriovalliBlocking_Game_Four_pieces_-_Both_Extension_No_Joined_Diagonal_Suggested,1720
Ludus_CoriovalliLine_Game_Three_pieces_-_No_Extension_Joined_Diagonal_Suggested,1721
Ludus_CoriovalliLine_Game_Three_pieces_-_Top_Extension_Joined_Diagonal_Suggested,1722
Ludus_CoriovalliLine_Game_Three_pieces_-_Both_Extension_Joined_Diagonal_Suggested,1723
Ludus_CoriovalliLine_Game_Three_pieces_-_No_Extension_No_Joined_Diagonal_Suggested,1724
Ludus_CoriovalliLine_Game_Three_pieces_-_Top_Extension_No_Joined_Diagonal_Suggested,1725
Ludus_CoriovalliLine_Game_Three_pieces_-_Both_Extension_No_Joined_Diagonal_Suggested,1726
Ludus_CoriovalliJeu_Militaire_-_No_Extension_Joined_Diagonal_Suggested,1727
Ludus_CoriovalliJeu_Militaire_-_No_Extension_No_Joined_Diagonal_Suggested,1728
Ludus_CoriovalliJeu_Militaire_Switch_Players_-_No_Extension_Joined_Diagonal_Suggested,1729
Ludus_CoriovalliJeu_Militaire_Switch_Players_-_No_Extension_No_Joined_Diagonal_Suggested,1730
Ludus_CoriovalliJanes_Soppi_-_No_Extension_Joined_Diagonal_Suggested,1839
Ludus_CoriovalliJanes_Soppi_-_Top_Extension_Joined_Diagonal_Suggested,1843
Ludus_CoriovalliJanes_Soppi_-_Both_Extensions_Joined_Diagonal_Suggested,1841
Ludus_CoriovalliJanes_Soppi_-_No_Extension_No_Joined_Diagonal_Suggested,1840
Ludus_CoriovalliJanes_Soppi_-_Top_Extension_No_Joined_Diagonal_Suggested,1844
Ludus_CoriovalliJanes_Soppi_-_Both_Extensions_No_Joined_Diagonal_Suggested,1842
Ludus_CoriovalliHaretavl_Four_Dogs_Two_Hares_Starting_Position_1_-_No_Extension_Joined_Diagonal_Suggested,1845
Ludus_CoriovalliHaretavl_Four_Dogs_Two_Hares_Starting_Position_1_-_Top_Extension_Joined_Diagonal_Suggested,1849
Ludus_CoriovalliHaretavl_Four_Dogs_Two_Hares_Starting_Position_1_-_Both_Extensions_Joined_Diagonal_Suggested,1847
Ludus_CoriovalliHaretavl_Four_Dogs_Two_Hares_Starting_Position_1_-_No_Extension_No_Joined_Diagonal_Suggested,1846
Ludus_CoriovalliHaretavl_Four_Dogs_Two_Hares_Starting_Position_1_-_Top_Extension_No_Joined_Diagonal_Suggested,1850
Ludus_CoriovalliHaretavl_Four_Dogs_Two_Hares_Starting_Position_1_-_Both_Extensions_No_Joined_Diagonal_Suggested,1848
Ludus_CoriovalliHaretavl_Four_Dogs_Two_Hares_Starting_Position_2_-_No_Extension_Joined_Diagonal_Suggested,1851
Ludus_CoriovalliHaretavl_Four_Dogs_Two_Hares_Starting_Position_2_-_Top_Extension_Joined_Diagonal_Suggested,1855
Ludus_CoriovalliHaretavl_Four_Dogs_Two_Hares_Starting_Position_2_-_Both_Extensions_Joined_Diagonal_Suggested,1853
Ludus_CoriovalliHaretavl_Four_Dogs_Two_Hares_Starting_Position_2_-_No_Extension_No_Joined_Diagonal_Suggested,1852
Ludus_CoriovalliHaretavl_Four_Dogs_Two_Hares_Starting_Position_2_-_Top_Extension_No_Joined_Diagonal_Suggested,1856
Ludus_CoriovalliHaretavl_Four_Dogs_Two_Hares_Starting_Position_2_-_Both_Extensions_No_Joined_Diagonal_Suggested,1854
Ludus_CoriovalliHaretavl_Four_Dogs_Two_Hares_Switch_Starting_Position_1_-_No_Extension_Joined_Diagonal_Suggested,1857
Ludus_CoriovalliHaretavl_Four_Dogs_Two_Hares_Switch_Starting_Position_1_-_Top_Extension_Joined_Diagonal_Suggested,1861
Ludus_CoriovalliHaretavl_Four_Dogs_Two_Hares_Switch_Starting_Position_1_-_Both_Extensions_Joined_Diagonal_Suggested,1859
Ludus_CoriovalliHaretavl_Four_Dogs_Two_Hares_Switch_Starting_Position_1_-_No_Extension_No_Joined_Diagonal_Suggested,1858
Ludus_CoriovalliHaretavl_Four_Dogs_Two_Hares_Switch_Starting_Position_1_-_Top_Extension_No_Joined_Diagonal_Suggested,1862
Ludus_CoriovalliHaretavl_Four_Dogs_Two_Hares_Switch_Starting_Position_1_-_Both_Extensions_No_Joined_Diagonal_Suggested,1897
Ludus_CoriovalliHaretavl_Four_Dogs_Two_Hares_Switch_Starting_Position_2_-_No_Extension_Joined_Diagonal_Suggested,1863
Ludus_CoriovalliHaretavl_Four_Dogs_Two_Hares_Switch_Starting_Position_2_-_Top_Extension_Joined_Diagonal_Suggested,1867
Ludus_CoriovalliHaretavl_Four_Dogs_Two_Hares_Switch_Starting_Position_2_-_Both_Extensions_Joined_Diagonal_Suggested,1865
Ludus_CoriovalliHaretavl_Four_Dogs_Two_Hares_Switch_Starting_Position_2_-_No_Extension_No_Joined_Diagonal_Suggested,1864
Ludus_CoriovalliHaretavl_Four_Dogs_Two_Hares_Switch_Starting_Position_2_-_Top_Extension_No_Joined_Diagonal_Suggested,1868
Ludus_CoriovalliHaretavl_Four_Dogs_Two_Hares_Switch_Starting_Position_2_-_Both_Extensions_No_Joined_Diagonal_Suggested,1896
Ludus_CoriovalliHaretavl_Starting_Position_-_No_Extension_Joined_Diagonal_Suggested,1869
Ludus_CoriovalliHaretavl_Starting_Position_-_Top_Extension_Joined_Diagonal_Suggested,1873
Ludus_CoriovalliHaretavl_Starting_Position_-_Both_Extensions_Joined_Diagonal_Suggested,1871
Ludus_CoriovalliHaretavl_Starting_Position_-_No_Extension_No_Joined_Diagonal_Suggested,1870
Ludus_CoriovalliHaretavl_Starting_Position_-_Top_Extension_No_Joined_Diagonal_Suggested,1874
Ludus_CoriovalliHaretavl_Starting_Position_-_Both_Extensions_No_Joined_Diagonal_Suggested,1872
Ludus_CoriovalliHaretavl_Three_Dogs_Two_Hares_Starting_Position_-_No_Extension_Joined_Diagonal_Suggested,1875
Ludus_CoriovalliHaretavl_Three_Dogs_Two_Hares_Starting_Position_1_-_No_Extension_No_Joined_Diagonal_Suggested,1876
Ludus_CoriovalliHaretavl_Three_Dogs_Two_Hares_Starting_Position_2_-_No_Extension_No_Joined_Diagonal_Suggested,1877
Ludus_CoriovalliHaretavl_Three_Dogs_Two_Hares_Starting_Position_-_Both_Extensions_Joined_Diagonal_Suggested,1878
Ludus_CoriovalliHaretavl_Three_Dogs_Two_Hares_Starting_Position_-_Both_Extensions_No_Joined_Diagonal_Suggested,1879
Ludus_CoriovalliHaretavl_Three_Dogs_Two_Hares_Starting_Position_1_-_Top_Extension_Joined_Diagonal_Suggested,1880
Ludus_CoriovalliHaretavl_Three_Dogs_Two_Hares_Starting_Position_1_-_Top_Extension_No_Joined_Diagonal_Suggested,1881
Ludus_CoriovalliHaretavl_Three_Dogs_Two_Hares_Starting_Position_2_-_Top_Extension_No_Joined_Diagonal_Suggested,1882
Ludus_CoriovalliHaretavl_Three_Dogs_Two_Hares_Starting_Position_3_-_Top_Extension_No_Joined_Diagonal_Suggested,1883
Ludus_CoriovalliHaretavl_Three_Dogs_Two_Hares_Starting_Position_2_-_Top_Extension_Joined_Diagonal_Suggested,1884
Ludus_CoriovalliHaretavl_Two_Dogs_Starting_Position_-_No_Extension_Joined_Diagonal_Suggested,1885
Ludus_CoriovalliHaretavl_Two_Dogs_Starting_Position_1_-_No_Extension_No_Joined_Diagonal_Suggested,1886
Ludus_CoriovalliHaretavl_Two_Dogs_Starting_Position_2_-_No_Extension_No_Joined_Diagonal_Suggested,1887
Ludus_CoriovalliHaretavl_Two_Dogs_Starting_Position_-_Both_Extensions_Joined_Diagonals_Suggested,1888
Ludus_CoriovalliHaretavl_Two_Dogs_Starting_Position_-_Both_Extensions_No_Joined_Diagonal_Suggested,1889
Ludus_CoriovalliHaretavl_Two_Dogs_Starting_Position_1_-_Top_Extension_Joined_Diagonal_Suggested,1890
Ludus_CoriovalliHaretavl_Two_Dogs_Starting_Position_2_-_Top_Extension_Joined_Diagonal_Suggested,1891
Ludus_CoriovalliHaretavl_Two_Dogs_Starting_Position_1_-_Top_Extension_No_Joined_Diagonal_Suggested,1892
Ludus_CoriovalliHaretavl_Two_Dogs_Starting_Position_2_-_Top_Extension_No_Joined_Diagonal_Suggested,1893
Ludus_CoriovalliHaretavl_Two_Dogs_Starting_Position_3_-_Top_Extension_No_Joined_Diagonal_Suggested,1894
Ludus_CoriovalliHaretavl_Switch_Starting_Position_-_No_Extension_Joined_Diagonal_Suggested,1899
Ludus_CoriovalliHaretavl_Switch_Starting_Position_-_Top_Extension_Joined_Diagonal_Suggested,1903
Ludus_CoriovalliHaretavl_Switch_Starting_Position_-_Both_Extensions_Joined_Diagonal_Suggested,1901
Ludus_CoriovalliHaretavl_Switch_Starting_Position_-_No_Extension_No_Joined_Diagonal_Suggested,1900
Ludus_CoriovalliHaretavl_Switch_Starting_Position_-_Top_Extension_No_Joined_Diagonal_Suggested,1904
Ludus_CoriovalliHaretavl_Switch_Starting_Position_-_Both_Extensions_No_Joined_Diagonal_Suggested,1902
Ludus_CoriovalliHaretavl_Switch_Three_Dogs_Two_Hares_Starting_Position_-_No_Extension_Joined_Diagonal_Suggested,1905
Ludus_CoriovalliHaretavl_Switch_Three_Dogs_Two_Hares_Starting_Position_1_-_No_Extension_No_Joined_Diagonal_Suggested,1906
Ludus_CoriovalliHaretavl_Switch_Three_Dogs_Two_Hares_Starting_Position_2_-_No_Extension_No_Joined_Diagonal_Suggested,1907
Ludus_CoriovalliHaretavl_Switch_Three_Dogs_Two_Hares_Starting_Position_-_Both_Extensions_Joined_Diagonal_Suggested,1908
Ludus_CoriovalliHaretavl_Switch_Three_Dogs_Two_Hares_Starting_Position_-_Both_Extensions_No_Joined_Diagonal_Suggested,1909
Ludus_CoriovalliHaretavl_Switch_Three_Dogs_Two_Hares_Starting_Position_1_-_Top_Extension_Joined_Diagonal_Suggested,1910
Ludus_CoriovalliHaretavl_Switch_Three_Dogs_Two_Hares_Starting_Position_1_-_Top_Extension_No_Joined_Diagonal_Suggested,1911
Ludus_CoriovalliHaretavl_Switch_Three_Dogs_Two_Hares_Starting_Position_2_-_Top_Extension_No_Joined_Diagonal_Suggested,1912
Ludus_CoriovalliHaretavl_Switch_Three_Dogs_Two_Hares_Starting_Position_3_-_Top_Extension_No_Joined_Diagonal_Suggested,1913
Ludus_CoriovalliHaretavl_Switch_Three_Dogs_Two_Hares_Starting_Position_2_-_Top_Extension_Joined_Diagonal_Suggested,1914
Ludus_CoriovalliHaretavl_Switch_Two_Dogs_Starting_Position_-_No_Extension_Joined_Diagonal_Suggested,1915
Ludus_CoriovalliHaretavl_Switch_Two_Dogs_Starting_Position_1_-_No_Extension_No_Joined_Diagonal_Suggested,1916
Ludus_CoriovalliHaretavl_Switch_Two_Dogs_Starting_Position_2_-_No_Extension_No_Joined_Diagonal_Suggested,1917
Ludus_CoriovalliHaretavl_Switch_Two_Dogs_Starting_Position_-_Both_Extensions_Joined_Diagonals_Suggested,1918
Ludus_CoriovalliHaretavl_Switch_Two_Dogs_Starting_Position_-_Both_Extensions_No_Joined_Diagonal_Suggested,1919
Ludus_CoriovalliHaretavl_Switch_Two_Dogs_Starting_Position_1_-_Top_Extension_Joined_Diagonal_Suggested,1920
Ludus_CoriovalliHaretavl_Switch_Two_Dogs_Starting_Position_2_-_Top_Extension_Joined_Diagonal_Suggested,1921
Ludus_CoriovalliHaretavl_Switch_Two_Dogs_Starting_Position_1_-_Top_Extension_No_Joined_Diagonal_Suggested,1922
Ludus_CoriovalliHaretavl_Switch_Two_Dogs_Starting_Position_2_-_Top_Extension_No_Joined_Diagonal_Suggested,1923
Ludus_CoriovalliHaretavl_Switch_Two_Dogs_-_Top_Extension_No_Joined_Diagonal_-_Starting_Position_3_Suggested,1925
Main_Tapak_Empat,872
Manu,1109
Mao_Naga_Tiger_Game,1096
Merimueng-rimueng-do,395
Merimueng-rimueng,752
Musinaykahwhanmetowaywin,721
Mysore_Tiger_Game_Three_Tigers,1128
Mysore_Tiger_Game_Two_Tigers,1129
Mysore_Tiger_Game,1127
Neg_Tugal_Tuux,1016
Nuktagaq,1227
Orissa_Tiger_Game_Four_Tigers,913
Orissa_Tiger_Game_One_Tiger,914
Pon_ChochotlMurray_Suggested,396
Pulijudamu,1140
Refskak,816
Renard_et_les_PoulesRenard_et_les_Poules_Described,988
Renard_et_les_PoulesOrthogonal_Fox_Described,989
Renard_et_les_PoulesOrthogonal_Fox_Diagonal_Capture_Described,990
Rimau-Rimau_One_Tiger,980
Rimau-Rimau_Two_TigersRimau-Rimau_Two_Tigers_Observed,981
Rimau-Rimau_Two_TigersTigers_on_Central_Point_Observed,982
RimoeRimoe_Observed,806
RimoeTwo_Rimoe_Observed,807
Sher_Bakar,712
Sher_Bakr,897
Shi_Liu_Kan_Tsiang_Kun,169
Shui_Yen_Ho-Shang,291
Sumi_Naga_Game_Hunt,970
Three_Musketeers,1242
To_Kinegi_tou_LagouTo_Kynegi_tou_Lagou_Observed,1166
To_Kinegi_tou_LagouRabbit_Wins_One_Round_Suggested,1960
Uxrijn_Ever,1015
Wolf_and_Sheep,40
Wolf_und_Schaaf,1075
Yaguarete_Kora,1403
Yeung_Luk_Sz_Kon_Tseung_KwanYeung_Luk_Sz_Kon_Tseung_Kwan_Described,171
Yeung_Luk_Sz_Kon_Tseung_KwanMurray_Suggested,709
20_SquaresSeleucid_Scholarly,35
58_HolesCarnarvon_and_Carter_Suggested,36
58_HolesCarter_Unmarked_Suggested,2003
58_HolesCarter_Marked_Holes_Suggested,2004
58_HolesCarter_Crossover_1_Suggested,2005
58_HolesCarter_Crossover_2_Suggested,2006
58_HolesCarter_Crossover_3_Suggested,2007
58_HolesCarter_Crossover_4_Suggested,2008
58_HolesCarter_Crossover_5_Suggested,2054
58_HolesTab_Unmarked_Suggested,2009
58_HolesTab_Marked_Throw_Suggested,2010
58_HolesTab_Marked_Safe_Suggested,2011
58_HolesTab_Parallel_Connections_Suggested,2012
58_HolesTab_Crosssover_1_Suggested,2013
58_HolesTab_Crossover_2_Suggested,2014
58_HolesTab_Crossover_3_Suggested,2015
58_HolesTab_Crossover_4_Suggested,2016
58_HolesTab_Crossover_5_Suggested,2055
58_HolesCarnarvon_and_Carter_D6_Suggested,2025
58_HolesCarter_Unmarked_D6_Suggested,2026
58_HolesCarter_Marked_Holes_D6_Suggested,2024
58_HolesCarter_Crossover_1_D6_Suggested,2027
58_HolesCarter_Crossover_2_D6_Suggested,2028
58_HolesCarter_Crossover_3_D6_Suggested,2029
58_HolesCarter_Crossover_4_D6_Suggested,2030
58_HolesCarter_Crossover_5_D6_Suggested,2056
58_HolesCarter_and_Carnarvon_D4_Suggested,2057
58_HolesCarter_Unmarked_D4_Suggested,2058
58_HolesCarter_Crossover_1_D4_Suggested,2059
58_HolesCarter_Crossover_2_D4_Suggested,2060
58_HolesCarter_Crossover_3_D4_Suggested,2061
58_HolesCarter_Crossover_4_D4_Suggested,2062
58_HolesCarter_Crossover_5_D4_Suggested,2063
58_HolesCarter_Marked_Holes_D4_Suggested,2064
58_HolesTab_Unmarked_D4_Suggested,2065
58_HolesTab_Marked_Throw_D4_Suggested,2066
58_HolesTab_Marked_Safe_D4_Suggested,2067
58_HolesTab_Parallel_Connections_D4_Suggested,2068
58_HolesTab_Crossover_1_D4_Suggested,2069
58_HolesTab_Crossover_2_D4_Suggested,2070
58_HolesTab_Crossover_3_D4_Suggested,2071
58_HolesTab_Crossover_4_D4_Suggested,2072
58_HolesTab_Crossover_5_D4_Suggested,2073
58_HolesTab_Unmarked_D6_Suggested,2074
58_HolesTab_Marked_Throw_D6_Suggested,2075
58_HolesTab_Marked_Safe_D6_Suggested,2076
58_HolesTab_Parallel_Connections_D6_Suggested,2077
58_HolesTab_Crossover_1_D6_Suggested,2078
58_HolesTab_Crossover_2_D6_Suggested,2079
58_HolesTab_Crossover_3_D6_Suggested,2080
58_HolesTab_Crossover_4_D6_Suggested,2081
58_HolesTab_Crossover_5_D6_Suggested,2082
Ashta-kashteFalkener_Described,198
AshtapadaKile_Suggested,172
Asi_Keliya,749
Backgammon,76
Baralie,1112
Bargese,868
Barjis,864
Buffa_de_Baldrac,1209
Cab_e_QuinalCab_e_Quinal_Described,732
Cab_e_QuinalFixed_Die_Described,733
Chaupar,200
Contrare_Puff,1078
Doblet,724
Dodgem,1260
Dubblets,820
El_Mundo,736
Emperador,729
Fallas,727
Fevga,175
Frangieh,1060
Garanguet,1123
GhingskootQuince_Described,204
Grand_Trictrac,196
Had,769
Imperial,1113
Jacquet_de_Versailles,1121
Jacquet,1122
Julbahar,1064
Kawade_Kelia,976
Ketch-Dolt,819
KintsKints_Observed,705
Kiz_Tavlasi,1079
Knossos_GameHillbom_Scholarly,183
Kolica_Atarakua,330
Kotra,818
Lange_Puff,1077
Laquet,735
Len_Doat,986
Los_Doze_Canes,725
Ludus_AnglicorumLudus_Anglicorum_Described,1116
Ludus_Lombardorum,1120
Mahbouseh,1062
Medio_EmperadorMedio_Emperador_Described,730
Mughrabieh,1061
Myles,1114
NamaNama_Observed,1194
Nard,149
NyoutNyout_Described,203
NyoutFour_players._Described,677
NyoutThree_players_Described,675
Ofanfelling,815
Pachesi,895
Pachih,751
PachisiWikipedia_Described,147
Pagade_Kayi_Ata_Sixteen-handedSIxteen-handed_Described,653
Pahada_Keliya,748
Pancha_Keliya,201
Panchi,1125
Pareia_de_EntradaPareia_de_Entrada_Described,731
Paumecary,814
PetolPetol_Described,329
Piprjall,997
Plakoto,176
Portes,603
Provincial,1115
Quinze_Tablas,726
Romavoa,173
Royal_Game_of_UrFinkel_Scholarly,77
Royal_Game_of_UrMurray_Suggested,655
Schuster,1208
SenetKendall_Scholarly,922
SenetKendall_Five_Pieces_Scholarly,923
SenetKendall_Trap_Scholarly,925
SenetKendall_Home_Row_Scholarly,926
SenetKendall_Starting_Throw_Scholarly,924
SenetKendall_Trap_Home_Row_Scholarly,932
SenetKendall_Five_Pieces_Starting_Throw_Scholarly,927
SenetKendall_Starting_Throw_Trap_Scholarly,930
SenetKendall_Starting_Throw_Home_Row_Scholarly,931
SenetKendall_Five_Pieces_Trap_Scholarly,928
SenetKendall_Five_Pieces_Home_Row_Scholarly,929
SenetKendall_Five_Pieces_Starting_Throw_Home_Row_Scholarly,936
SenetKendall_Five_Pieces_Trap_Home_Row_Scholarly,935
SenetKendall_Five_Pieces_Starting_Throw_Trap_Scholarly,933
SenetKendall_Starting_Throw_Trap_Home_Row_Scholarly,934
SenetKendall_All_Options_Scholarly,937
SenetBell_Suggested,529
SenetPiccione_Scholarly,938
SenetJequier_Scholarly,939
Seys_Dos_y_As,728
Sokkattan,22
Ssang-Ryouk,1045
Svensk_Bradspel,1514
Tables_Rabbatuees,1047
Tavli,605
Tawula,177
Tayam_Sonalu,750
Thaayam,1126
Todas_Tablas,734
TokkadilleTokkadille_Described,1076
Tsun_Ki,202
Tugi-Epfe,141
Uturu_Uturu_KaidaUturu_Uturu_Kaida_Observed,1193
Verquere,1252
XII_ScriptaMurray_Suggested,33
Yahoudieh,1063
Agon,1764
Aralzaa,1034
BajrBajr_Small_Observed,1036
BajrBajr_Medium_Observed,1037
BajrBajr_Large_Observed,1038
Barca,1778
Camelot,416
Cascades,1800
Chinese_Checkers,71
Conspirateurs,441
Gadis,2032
Grasshopper,402
Halma,72
Lelac,1794
O-Pat-Kono,386
Salta,417
Shanzak_Kammar,1202
Suffragetto,1188
Tablan,761
Tandems,1821
Aime,1484
Archimedes,1797
Arimaa,43
Ashere,1483
Bison,1106
Bombardment,1802
Breakthrough,73
Center,1930
Chong_Sakhalin,1972
Chonpa,896
EinStein_Wurfelt_Nicht,472
Es-SigEs-Sig_Described,1789
Football_Chess,1793
Gauntlet,1021
GavalataGavalata_Observed,977
Geister,1650
Gyan_Chaupar,78
IshighanIshighan_Described,1169
Jeson_Mor,1035
Jungle,392
KawasukutsKawasukuts_Observed,834
KawasukutsDoor_Hazard_Observed,835
Kings_Valley,1160
Knightthrough,74
Lib_el-MerafibLib_el-Merafib_Described,179
Main_PachehMain_Pacheh_Described,873
Murus_GallicusMurus_Galicus_Described,1647
Murus_GallicusAdvanced_Murus_Galicus_Described,1648
NebakuthanaNebakuthana_Observed,823
OwasokotzOwasokotz_Pass_Observed,836
OwasokotzOwasokotz_Enter_Observed,837
ParadisParadis_Observed,1197
Pasit,863
PatolPatol_Observed,830
PatolCaptureless_Observed,832
Pente_GrammaiLocos_Ludi_Race_Scholarly,785
Pente_GrammaiLocus_Ludi_Knock-Off_Mode_Scholarly,786
Pylos,1542
Quoridor,1539
Reach_Chess,1769
Santorini,639
SaturankamSaturankam_Described,197
Set_DilthSet_Dilth_Described,840
SetichchSetichch_Described,839
Shing_Quon_TuShing_Quon_Tu_Described,180
Sig_El_OuedSig_El_Oued_Observed,1577
Sig_wa_Duqqan_Houmt_al-ArbahSig_Houmt_al-Arbah_Described,808
Sig_wa_Duqqan_Houmt_TaouritSig_wa_Duqqan_Houmt_Taourit_Described,809
Siga_Sri_Lanka,745
SikSik_Observed,1189
Siryu_RaceSiryu_Race_Described,810
Sneakthrough,75
Squadro,1543
TammanTamman_Described,199
TasholiweTasholiwe_Observed,848
The_Pawn_Game,2023
There_and_Back,4096
Tourne-Case,195
TsaydithlTsaydithl_Described,838
Zohn_AhlZohn_Ahl_Observed,140
Diagonals,1803
Los_Escaques,314
Pasa,334
Bao_Ki_Arabu_Zanzibar_1,262
Bao_Ki_Arabu_Zanzibar_2,374
Bao_Kiswahili_DR_Congo,142
Bao_Kiswahili_East_Africa,372
Bao,1567
Chiana_wa_BwaloChiana_wa_Bwalo_Observed,1315
Chiana_wa_KunjaChiana_wa_Kunja_Observed,1314
ChisoloNatatu_Observed,256
ChisoloNambidi_Observed,610
ChisoloNamudilakunze_Observed,609
ChisoloOne_counter_Observed,608
Choro_Acholi,260
Choro_Lango,265
Dongjintian_Four_Players,1566
Hawalis,127
Hus_DamaraDamara_Observed,375
Hus_DamaraWagner_Observed,613
Hus_NamaSchultze_Described,254
Ikibuguzo_Opening_1,261
Ikibuguzo_Opening_2,1663
Isolo,376
Katra_Boaoaka,275
KatraSakalava_Described,435
Kisolo_Lali,1365
KisoloKisolo_Observed,248
KisoloStarting_Position_1_Observed,622
KisoloStarting_Position_2_Observed,623
Kubuguza,276
Lisolo,1384
Lobudok,1284
Makonn,322
Mangola,277
MefuvhaVenda_Observed,187
Misoro_Tsoro_Additional_CaptureMisoro_Tsoro_Additional_Capture_Observed,1291
Misoro_Tsoro_Additional_CaptureExtra_Counters_Observed,1293
Misoro_TsoroMisoro_Tsoro_Observed,1290
Misoro_TsoroExtra_Counters_Observed,1292
Moruba,1280
Msuwa_wa_KunjaMsuwa_wa_Kunja_Observed,1321
MsuwaMsuwa_Observed,1320
Musoro_TsoroMusoro_Tsoro_Observed,1294
Muvalavala_LuenaLuenas_Observed,268
Muvalavala_QuiocoQuiocos_Described,267
Mwambulula,278
Mweiso,263
MwendoMwendo_Described,274
Mweso,264
NamudilakunzeBa-Ila_Described,429
NchayoNchayo_Observed,1385
NchuwaAtonga_Described,255
Ngolo,1366
Ngulungu,1383
Njombwa_One_CounterNjombwa_One_Counter_Observed,1311
Njombwa_Two_CountersNjombwa_Two_Counters_Observed,1312
NjombwaNjombwa_Observed,1310
NsoloNsolo_Observed,1313
Nsumbi,371
Otep,1283
Owela_BenguelaBenguela_Described,266
PereauniDidinga_Observed,259
PereauniLongarim-Topotha_Observed,638
QuelaQuibala_Described,270
QuendoQuendo_Observed,273
QuendoCircular_Board_Observed,1176
Quiela,271
Ryakati,1282
Spreta,257
Sute,1322
TchelaTchela_Observed,269
Tchela4x6_Board_Observed,822
TshubaTshuba_Described,258
Tsoro_Additional_CaptureTsoro_Additional_Capture_Observed,1295
Tsoro_Baia,1319
Tsoro_Reentered_CapturesTsoro_Reentered_Captures_Observed,1296
TsoroTsoro_Observed,1287
KatroKatro_Observed,1258
Mbelele,378
Okwe_Achalla,235
PicPic_Described,286
PicNine_counters_Described,703
Sat_Gol,921
Abalalae,339
Gabata_Adowa,17
Gabata_Aksum,18
Rabe,350
Selus_Massawa,349
Selus,341
The_Concentration_GameTwo_Counters_Described,234
The_Concentration_GameThree_Counters_Described,1738
The_Concentration_GameFour_Counters_Described,1739
The_Concentration_GameFive_Counters_Described,1740
Adi,1302
Adidada,1304
Adjiboto,252
Ako_OkweUmuahia_Observed,30
Ako_OkweMurray_Observed,23
Altiev,285
AndadaKunama_Described,346
Andot,1281
Aw-li_On-nam_Ot-tjinTwo_Counters_Observed,24
Aw-li_On-nam_Ot-tjinThree_Counters_Observed,65
Aw-li_On-nam_Ot-tjinFour_Counters_Observed,25
Aw-li_On-nam_Ot-tjinFive_Counters_Observed,26
Awagagae,659
Awari,251
Azigo,232
Baqura,212
Bay_Khom,438
BechiKunama_Observed,345
BechiThree_Holes_Observed,641
Bosh,243
Boukerourou,1190
Buqruru,1580
CeelkoqyuqkoqijiEagle_Observed,205
CeelkoqyuqkoqijiEqual_Cost_Observed,607
CeelkoqyuqkoqijiFourteen_holes_Observed,606
Chongka,292
ChonkaChonka_Described,744
Chungcajon,1003
DabudaAfar_Observed,366
DabudaDamohoita_Observed,27
Daramuti,219
Das_Bohnenspiel,66
Deka,379
Dongjintian,209
Duene,1305
En_GeheMerker_Observed,67
English_Wari_St._Lucia,250
Enindji,421
Erherhe,1262
FairKalah,1665
Fergen_Gobale,367
Foji,425
Fondji,422
French_Wari,249
Gabata_Adegrat,351
Gabata_Ansaba,342
Gabata_Ghinda,661
Gabata_Oromo,363
Gabata_Shoa_and_Adegrat,352
Gabata_Shoa_IGabata_I_Observed,354
Gabata_Shoa_IGabata_3_Observed,651
Gabata_Shoa_ISeven_holes_Observed,612
Gabata_Shoa_IFive_holes_Observed,611
Gabata_Wuqro,353
Galatjang,221
Gamacha_Nobility,1382
Gamacha,1381
Gifia,237
Halusa,211
HoyitoHoyito_I_Described,290
Hufesay,358
I_Pere,370
II_Observed,1392
Intotoi,247
Iyogh,233
Jerin,230
Jodu,226
Jimafesosh,364
Kalah,68
Kanji_Guti,432
Kapana_Bona,426
Kara,240
Kay,288
KhrourMoudjeria_Described,287
Khutka_Boia,713
Kiuthi,245
KoroKoro_Observed,781
KoroFive_Holes_Observed,782
KoroSix_Holes_Observed,783
Kotu_Baendum,218
KpoMomolu_Massaquoi_Observed,280
KpoThree_players_Observed,624
KpoFour_players_Described,626
Lab_Akila,796
Lam_Waladach,360
Lamosh,362
Laomuzhu,207
Leyla_Gobale_Gabradarre,241
Leyla_Gobale_Somaliland,242
Leyla,368
Lib_al-Aqil,412
Lib_al-Ghashim,213
Lontu-HoloLontu_Holo_Observed,965
Lontu-HoloAlternate_Opening_1_Observed,966
Lontu-HoloAlternate_Opening_2_Observed,967
Lontu-HoloAlternate_Opening_3_Observed,968
Luuth,1278
Main_ChongkakSkeat_Observed,223
Mangala_Bedouin,214
Mangala_Suez,279
Mangala_TurkeySeven_Holes_Observed,284
Mangala_TurkeySix_Holes_Observed,28
Mankala,1056
Mawkar_Katiya,431
Meusueb,220
Mewegae,344
Mewelad,343
Motiq,433
Ntyenge,1346
O_An_QuanMancala_World_Described,434
Obridje,228
Okwe_NigeriaBasden_Described,231
Omangunta_Peeta,920
Oure_Ngat,427
Ovalhu,1254
OwareWari_Observed,69
OwareAwari_Suggested,628
Pachgarhwa,940
Pallankuli,215
Papan_Dakon,289
Puhulmutu,216
Qelat_Beni_Amir-Mensa,347
Qelat,135
Raja_Pasu_Mandiri,1472
Rio_Kadalis,369
ShonoShono_Observed,1308
ShonoChildren_Observed,1309
Sonka,222
Sungka,143
Tap_Urdy,1222
Tapata,359
Ti,1307
Toguz_Kumalak,282
Tuz,365
Um_el_Banat,244
Um_el_Tuweisat,795
Um_el-Bagara,239
Um_el-BilSix_Holes_Observed,1783
Um_el-BilSeven_Holes_Observed,1785
Um_el-BilEight_Holes_Observed,1786
Unnee_TugalluulaxPopova_Scholarly,640
Unnee_TugalluulaxMancala_World_Suggested,437
Uril,1200
Uthi,1518
Vai_Lung_Thlan,436
Waache_Waledat,348
Walak-Pussa,217
Wari,1626
Waurie,439
Whyo,229
Woli,423
Wore,428
Wouri,281
Yovodi,1306
Yovodji,420
Yucebao,206
4_Squared,1796
Amazons,79
Bamboo,1505
Banqi,673
Blue_Nile,381
Claustro,1532
Co_Chan_Cho,1929
Col,4201
Cram,683
Do_Guti,918
Dodo,1550
Domineering,493
Dorvon_Cag,1009
Duidoku,1774
Epoxy,1762
Ex_Nihilo,1185
First_Attack,1806
Forge,1808
Game_of_Dwarfs,1966
Gopher,1506
Gurvan_Xudag,1010
Hex_Amazons,865
Ho-Bag_Gonu,573
Isolation,1268
Janes_Soppi_Symmetrical,1073
Jostle,1766
L_Game,80
Lewthwaites_Game,1807
Madelinette,389
Mu_TorereNo_Restriction_Suggested,559
Mu_TorereFirst_Move_Observed,2017
Mu_TorereFirst_Two_Turns_Suggested,2018
Mu_TorereAdjacent_Enemy_to_Centre_Suggested,81
Mu_TorereAdjacent_Enemy_Suggested,2020
NoGo,580
Oumoul_Kono,954
Overflow,1975
Pathway,1507
Pentomino,1664
Pong_Hau_Ki,404
Quantum_Leap,449
RatioGame_I_Simple_Blocking_Game_Described,1825
RatioGame_II_Second_Blocking_Game_Described,1826
RatioGame_III_Blocking_Game_with_all_sites_except_the_bottom_centre_Described,1827
RatioGame_IV_Blocking_Game_except_the_centre_top_site_Described,1828
RatioGame_V_Blocking_Game_with_all_sites_Described,1829
RatioGame_VI_Modified_Blocking_Game_with_all_sites_Described,1830
RatioGame_VII_Easy_Capturing_Game_Described,1831
RatioGame_VIII_Second_Capturing_Game_Described,1832
RatioGame_IX_Third_Capturing_Game_Described,1833
RatioGame_X_Fourth_Capturing_Game_Described,1834
RatioGame_XI_Fifth_Capturing_Game_Described,1835
RatioGame_XII_Capturing_Game_with_all_sites_except_the_top_centre_Described,1836
RatioGame_XIII_Capturing_Game_with_all_sites_except_the_bottom_centre_Described,1837
RatioGame_XIV_Capturing_Game_with_all_sites_Described,1838
Snailtrail,3960
Snort,1822
Snowpaque,407
Spots,406
Susan,451
Tuk_TukTuk_Tuk_Observed,773
TacTix,1824
Temeen_TavagTemeen_Tavag_Observed,1007
Temeen_TavagDorvon_Bux_Observed,1008
Toads_and_Frogs,2022
Tron,128
Tugul_Shodra,717
00Y,4035
Abak,784
Atoll,1767
Bide,2656
Bipartisan_Y,3975
Chameleon,466
Coil,1390
ConHex,1763
Cross,400
Crossway,1049
Defector_Y,3974
Diagonal_Hex,998
DuploHex,1272
Esa_Hex,1100
Fractal,1768
Gale,964
Gonnect,467
Gyre,1556
Havannah,391
Hex,82
Master_Y,1389
Onyx,1770
Pippinzip_Zipline_variant,1405
Pippinzip,1404
Resolve,1558
Scaffold,1971
Tabu_Y,1397
Tara,1812
Three-Player_Hex,555
Trax,545
Troll,1814
Unlur,1226
Y_Hex,83
Y,704
Abrobad,851
Brain_Coral,1548
Brood,1998
Catchup,4196
Elea,1986
Feed_the_Ducks,442
Groups,403
Gygoreg,1654
Hermit,1565
Lines_of_Action,394
Make_Muster,1669
Manalath,445
Manifold,1997
Meridians,1554
Mono,1985
Odd,446
Omega,447
Omny,1529
Product,1804
RootZone,889
Signum,1981
Symple,1962
Vigilance,4200
Yoin,1978
3D_Tic-Tac-Toe,1391
A_Simple_Game,1799
AchiMurray_Described,563
AchiWikipedia_Suggested,84
Agilidade,1534
Akidada,950
All_Queens_Chess,85
Alquerque_de_Tres,737
Altan_Xaraacaj,1023
Andantino,86
Aqrad,1581
Bolotudu,776
Bravalath,1143
Broken_Line,999
Callanish,1213
Centrifugal_Force,3977
Centripetal_Force,3976
Connect_Four,87
Connect6,88
Dai_Hasami_Shogi,410
Dala,186
Dara,89
Dig_Dig,1418
Djara-Badakh,792
Dra,384
Driesticken,952
Dris_at-Talata,1057
Engijn_Zirge,1022
Epelle,946
Fanorona_Telo,951
Fart_5x5,1575
Fart_7x7,1576
Fettas,1935
Fivalath,1400
Five_Mens_MorrisMurray_Suggested,565
Five_Mens_MorrisCyningstan_Suggested,90
Gobblet_Gobblers,2000
Gomoku,91
Gurgaldaj,1026
Jeson_Zam,1028
Kassle,1811
Katsela,1344
Keryo-Pente,1413
La_Chascona,1944
Les_PendusLes_Pendus_Described,184
Les_PendusFive_in_a_Row_Described,658
Liu_Tsi,949
Marelle_Quadruple,1510
Marelle_Triple,957
Mbenga_Alignment_Game,1374
Millieu,1950
Minefield,1809
Mlabalaba,1285
Morabaraba,188
Moxie,1813
Mulabalaba,1612
Mylna,817
Nao_Guti,941
Nerenchi_Keliya,739
Ngre_E_E,1343
Ngrin,1353
Nine_Holes,945
Nine_Mens_Morris,92
Niranchy,740
Notakto,1672
Nzengue_Small,1356
Order_and_Chaos,1161
Pentago,1535
Pentalath,448
Pente,1412
PicariaZaslavsky_1_Suggested,587
PicariaZaslavsky_2_Suggested,588
Plotto,1823
Pushing_Me_XO,547
Quarto,1536
Quixo,1540
Ring,1974
Ringo,676
Roll-Ing_to_Four,1820
Round_MerelsBlumlein_Suggested,567
Sam_Ki,953
San-Noku-Narabe,943
Score_Four,656
Selbia,1948
Shah,789
Shisima,95
Shiva,185
Six_Insect_Game,1419
Six_Mens_MorrisMurray_Suggested,568
Six_Mens_MorrisCyningstan_Suggested,96
Six-Penny_Madell,947
Spava,1655
Spline,450
Squava,398
Sujjua,723
Symbol_S.2,595
Tmbl,1579
Tant_Fant,97
Tapatan,948
Tauru,775
Tavan_Tal,1029
Teeko,4186
Three_Mens_Morris,98
Tic-Tac-Chess,602
Tic-Tac-Die,1144
Tic-Tac-Four,418
Tic-Tac-Mo,99
Tic-Tac-Toe_Misere,1171
Tic-Tac-Toe,100
Traffic_Lights,1973
Trianon,1810
Triodi_Chios,1443
Triodi_Diagonal,956
Triodi,955
Tsoro_Yemutatu_Triangle,1563
Tsoro_Yemutatu,1289
Tsoro_Yemutwelve,1288
Tuk_Tak,908
Tule_Paid,903
Twelve_Mens_MorrisWith_Diagonal_Suggested,101
Twelve_Mens_MorrisBoard_Game_Geek_Suggested,572
Ultimate_Tic-Tac-Toe,631
Unfair,1401
Wali,1555
Wari_Alignment,1508
Wure_Dune,780
Xanan_Zirge,1027
Xonin_Shatar_Complex,1025
Xonin_Shatar_Simple,1024
Yavalade,452
Yavalanchor,453
Yavalath,102
Yavalax,1671
Zurgaan_Tal,1030
Azteka,2033
Diamond,1771
Hexade,4195
Kensington,548
Quantik,1541
Upper_Hand,1105
Atari_Go,440
Ataxx,419
BlooGo,1425
Bug,1995
Cavity,1982
Compart,3978
Dorvolz,1044
Flower_Shop,1931
Flume,1504
Go,144
Goats_Wintering,1327
HexGo,1659
HexTrike,1388
Infuse,1142
Inkblots,710
Lava,1651
Lifeline,1936
Lotus,550
MacBeth,1437
Mig_Mang,1181
Mity,1520
One-Eyed_Go,1031
Paintbucket,1977
Paintscape,2040
Patok,1046
Phantom_Go,630
Pyrga,1964
Redstone,1976
Refugia,1153
Residuel,1184
Reversi,104
Rolit,1547
Stargazers,4097
SupplyChains,4034
Trike,706
Tumbleweed,963
Verge,4198
Weiqi,772
Alea_EvangeliiCyningstan_Suggested,380
ArdRi,41
Awithlaknakwe,152
Bizingo,681
Boseog_Gonu,594
BrandubNielsen_Suggested,579
Breakthru,1537
Castello,413
El-Mthaltha,1788
Gundru,377
HeXentafl,718
HnefataflFetlar_Suggested,42
Khamousiyya,1939
Kharebga_5x5,1573
Kharebga_7x7,1574
Ludus_LatrunculorumSchadler_1994_Scholarly,534
Ludus_LatrunculorumSchadler_2001_Scholarly,1587
Ludus_LatrunculorumLocus_Ludi_Seneca_Scholarly,1588
Ludus_LatrunculorumLocus_Ludi_Piso_Scholarly,1589
Ludus_LatrunculorumMuseum_Quintana_Suggested,536
Ludus_LatrunculorumFalkener_Suggested,537
Ludus_LatrunculorumKowalski_10x11_Suggested,538
Ludus_LatrunculorumKowalski_8x12_Suggested,539
Ludus_LatrunculorumBell_8x7_Suggested,540
Ludus_LatrunculorumBell_8x8_Suggested,541
Ludus_Latrunculorum6x6_Seega_Rules_Suggested,1590
Ludus_Latrunculorum6x6_Kharebga_Rules_Suggested,1591
Ludus_Latrunculorum6x7_Seega_Rules_Suggested,1592
Ludus_Latrunculorum6x7_Kharebga_Rules_Suggested,1593
Ludus_Latrunculorum6x8_Seega_Rules_Suggested,1594
Ludus_Latrunculorum6x8_Kharebga_Rules_Suggested,1595
Ludus_Latrunculorum7x8_Seega_Rules_Suggested,1596
Ludus_Latrunculorum7x8_Kharebga_Rules_Suggested,1597
Ludus_Latrunculorum8x8_Seega_Rules_Suggested,1598
Ludus_Latrunculorum8x8_Kharebga_Rules_Suggested,1599
Ludus_Latrunculorum8x9_Seega_Rules_Suggested,1600
Ludus_Latrunculorum8x9_Kharebga_Rules_Suggested,1601
Ludus_Latrunculorum10x10_Seega_Rules_Suggested,1602
Ludus_Latrunculorum10x10_Kharebga_Rules_Suggested,1603
Ludus_Latrunculorum11x16_Seega_Rules_Suggested,1609
Ludus_Latrunculorum11x16_Kharebga_Rules_Suggested,1610
Ludus_Latrunculorum9x10_Seega_Rules_Suggested,1613
Ludus_Latrunculorum9x10_Kharebga_Rules_Suggested,1614
Ludus_Latrunculorum11x12_Seega_Rules_Suggested,1644
Ludus_Latrunculorum11x12_Kharebga_Rules_Suggested,1645
Maak_Yek,189
Poprad_Game17x17_Seega_Rules_Suggested,1604
Poprad_Game17x17_Kharebga_Rules_Suggested,1605
Poprad_Game17x17_Tablut_Rules_Suggested,1606
Poprad_Game17x17_Tablut_Rules_More_Pieces_Suggested,1611
Poprad_Game17x18_Seega_Rules_Suggested,1607
Poprad_Game17x18_Kharebga_Rules_Suggested,1608
Sabouiyya,1940
SeegaKhamsawee_Observed,150
SeegaSebawee_Observed,589
SeegaTisawee_Observed,590
Shantarad,191
TablutLinnaeus_Observed,373
TablutSmith_Suggested,592
TawlbwrddCyningstan_Suggested,405
Fanorona,50
Vela,1068
Shobu,1533
American_Pool_Checkers,1399
Bashni,1530
Brazilian_Draughts,53
Canadian_DraughtsStandard_Described,54
Canadian_DraughtsHuff_Rule_Described,1776
Coc-Inbert,891
Dam,163
Dama_Italy,880
Dama_Philippines,875
Damas,879
Damenspiel,1245
Damspel,1246
Diagonal_Draughts,885
Doov,1043
Dum_Blas,1203
English_Draughts,56
Frisian_DraughtsFrisian_Draughts_Described,489
Guerrilla_Checkers,794
International_Draughts,58
Jekab,561
Lasca,60
Main_Dam,1050
Makvoer,193
Maleys,887
Moo,876
Pleasant_Draughts,882
Seesaw_Draughts,1646
Shashki,883
The_Babylonian,884
Unnamed_Dutch_Draughts_Game,890
Ahtarah_Guti,722
AlquerqueAlfonso_X_Described,52
AlquerqueMurray_Suggested,597
AlquerqueCovarrubias_Described,596
Awithlaknan_Mosona,158
Bara_Guti_Bihar,909
Bara_Guti,719
Bis_Gutiya,911
Buudal,1042
Challis_Ghutia_TitagarhChallis_Ghutia_Titagarh_Observed,912
Claim_Jumpers,3961
Crand,1386
Dablot_Prejjesne,1228
Dam_Singapore,983
Dam_Hariman,1088
Dama_Alquerque,1992
Dash_Guti,160
Egara_Guti,161
Ethiopian_Capture_Game,1067
FelliBouhajbane_Observed,1934
FelliBoard_Game_Geek_Suggested,584
FelliSimplified_Suggested,385
Fetach,1375
Game_of_Solomon,604
Gol_Ekuish,401
Hewakam_Keliya,558
Kaua_Dorki,906
Kharbaga,415
Kharberg,774
Kolowis_Awithlaknannai,577
Kotu_Ellima,155
La_Dama,1941
Lam_Pusri,961
Lau_Kata_Kati,159
Meurimueng-rimueng_Peuet_Ploh,753
Mogul_PutthanSixteen_Pieces_Observed,61
Mogul_PutthanNineteen_Pieces_Described,556
Mughal_Pathan,905
Nei-Pat-Kono,57
Padaivettu,1130
Pam_Pait,900
PasangBroken_into_Pieces_Observed,1379
Peralikatuma,62
Permainan-Tabal,3864
Pretwa,162
Ram_Tir,899
Ratti-Chitti-Bakri,157
Satoel,805
Sumi_Naga_Game_War,971
Tavelspel,1229
Terhuchu_SmallTerhuchu_Small_Observed,972
Terhuchu_SmallEight_pieces_Observed,973
Terhuchu,156
Throngs,1224
Tsukkalavde,1232
Tuknanavuhpi,154
Zamma,64
Cage,1270
Caturvimsatikosthakatmiki_Krida,1460
Challis_Ghutia,907
Choko,1069
Dama_Comoros,1990
Dama_Kenya,1989
Dama,55
Fenix,1662
HexDame,443
Jumping_Beans,1816
Kanguruh,1815
Konane8x8_Konane_Suggested,1630
Konane10x10_Konane_Observed,59
Koruboddo,791
Laram_WaliLaram_Wali_Observed,778
Leap_Frog,1251
Louis_XVI,1801
Mraha_wa_Bwe,1991
Natt_Klab_ash-Shawk,812
Omnidirectional_Draughts,1199
Queah_Game,164
Seesaw,1552
Toki,777
Tablo,1233
TamaTama_Observed,1517
TamaWikipedia_Suggested,1198
Tides,1582
Tre_Guti,711
Xarajlt,1041
Yote,779
Zuz_Mel_5x5,1570
Zuz_Mel_7x7,1571
Chandaraki,1411
Chatrang,1455
Chatur,813
Chaturanga_12x12,1464
Chaturanga_14x14,1453
Chaturanga_al-Adli,1445
Chaturanga_Kridakausalya_14x14,1736
Chaturanga_Kridakausalya,1450
ChaturangaManasollasa_Described,145
ChaturangaElephant_Diagonal_Move_Scholarly,1298
ChaturangaElephant_Diagonal_Jump_Scholarly,1297
Cittabhramanrpasya_Khelanam,1451
Hindustani_Chess,296
Krida_Buddhibalasrita,1446
Main_Chator_Batak,1467
Main_Chator_Selangor,1470
Main_Chator,299
Mak_Ruk,301
Ouk_Chatrang,302
Parsi_Chess,297
Persian_Chess_with_a_Queen,1325
Qatranj,1621
Rumi_Shatranj,298
Santaraj,136
Sarvatobhadra,1448
Saxun,319
Shataranja,1463
Shatr_ikh_Padan,316
Shatranj_12x12,1627
Shatranj_14x14,1628
Shatranj_Algeria,1433
Shatranj_Iraq,1438
Shatranj_Turkey,1436
Shatranj_al-Husun,311
Shatranj_al-Kabir,294
Shatranj_al-Mustatila,307
Shatranj_ar-RumiyaMurray_Described,293
Shatranj_ar-RumiyaAl-Amuli_Described,650
Shatranj_at-Tamma,308
Shatranj_Diwana_Shah,315
Shatranj,306
Shatren,743
Shodra,318
Sittuyin,300
Tepong,1468
Tsatsarandi,1417
1D_Chess,1656
Acedrex_Alfonso,1439
Acedrex_de_los_Cuatros_Tiempos,313
Alice_Chess,1667
Amazon_Chess,458
Atomic_Chess,1781
Beirut_Chess,1782
Brusky_Chess,856
Chess,44
Chessence,1784
Chex,551
Currierspiel,821
De_Vasa_Chess,858
Dice_Chess,1152
Double_Chess,45
Dragonchess,1779
Fischer_Random_Chess,1670
Forcado,979
Four-Player_Chess,1620
Glinski_Chess,855
Grande_AcedrexAlfonso_X_Described,312
Grande_AcedrexDice_Described,652
Half_Chess,133
Horde_Chess,460
KorkserschachKorkserschach_Described,1430
Kriegspiel_Chess,4185
Level_Chess,1318
Lombard_Chess,1330
Long_Assize,1332
Loop_Chess,461
Los_Alamos_Chess,462
Maharajah_Chess,457
McCooey_Chess,857
Medieval_Chess,1435
Mini_Hexchess,854
Nodal_Chess,2019
Official_Football_Chess,1792
Phase_Chess,1011
Quick_Chess,1795
Russian_Fortress_Chess,1206
Scachs,1415
Schachzabel,1331
Shafran_Chess,859
Shakhmaty,1426
Shatera,1996
Short_Assize,1333
Social_Distance_Chess,552
Spartan_Chess,1396
Starchess,853
Stratomic,1780
Symmetric_Chess,1668
Ultimate_Chess,1014
Unachess,1619
Viking_Chess,1657
Wellisch_Chess,852
Welschschach,1431
Chu_Seireigi,4187
Dai_Seireigi,4118
Dice_Shogi,492
Hasami_Shogi,190
Hexshogi,1616
Kyoto_Shogi,793
Minishogi,463
Seireigi,3980
Shogi,46
Tai_ShogiWikipedia_Suggested,1452
Taikyoku_Shogi,464
Tenjiku_ShogiWikipedia_Suggested,1545
Tobi_Shogi,305
Unashogi,1618
Yonin_Seireigi,4095
Yonin_Shogi,1586
Janggi,465
Loop_Xiangqi,1735
Manzhouqi,454
MiniXiangqi,1622
Qi_Guo_Xiangxi,797
Xiang_Hex,1623
Xiangqi,49
A_KaakilA_Kaakil_Observed,648
Ad_elta_stelpur,194
Addi_Kul,1787
Aj_SakakilAj_Sakakil_Observed,646
Aj_SayilAj_Sayil_Observed,642
Aj_SinaanilAj_Sinaanil_Observed,645
Aj_TiwilAj_Tiwil_Observed,644
Annuvin,1798
At-Tab_wa-d-Dukkat-Tab_wa-d-Dukk_Observed,760
Awangdu,168
Battleships,1551
Bheri_Bakhri,765
BoolikBoolik_Observed,1000
Boxijn_Barildaan,1040
BulBul_Described,327
ChaturajiWikipedia_Suggested,295
Chukaray,331
Crusade,1817
DaldosOstergaard_and_Gaston_Scholarly,756
Daldosa,759
DelebDeleb_Observed,767
Diagonals_2002,1819
Fang,1134
Fission,1805
Four-Player_Chaturanga_al-Biruni,1442
Icebreaker,1926
Issiren,1168
Ja-Jeon-Geo-Gonu,574
Kioz,167
Kiust_Oyun,1167
Los_Palos,328
Mapuche_Game,332
MehenKendall_Scholarly,542
MensaSpiel,2002
Oust,1107
Puluc,1001
Quad_Wrangle,1818
Rampart,1933
Sahkku,757
Sig_El_Oued_Capture,1578
Sig_MauritaniaSig_Mauritania_Described,1191
Sig_MzabSig_Mzab_Observed,763
Sig_TidikeltSig_Tidikelt_Observed,846
Sig_TidikeltSix_Stick_Dice_Observed,847
Sig_Tozeur,764
Sig_Western_SaharaSig_Western_Sahara_Observed,768
Sijat_El_TabaSijat_El_Taba_Described,224
Siryu_War,811
Skirmish_GDL,47
Surakarta,51
Sweep_Burrow,1932
TabTab_Described,151
Tablas_Astronomias,738
Tank_Tactics,1625
Tibetan_Jiuqi,2038
Toono,1039
Triad,553
Triple_Tangle,1145
Udat_PagadaUdat_Pagada_Described,1177
Udat_PagadaThrow_of_Thirty_Described,1564
Zola,1286
Cannon,1927
Capture_the_Queen,549
King_And_Courtesan,1993
Kriegsspiel,1466
Lattaque,444
Lets_Catch_the_Lion,1546
Lielow,1658
Mini_Wars,1421
Monkey_Queen,1765
Ploy,408
Rithmomachia,165
Shogun,1653
Clobber,629
Press_Ups,414
Workers_and_Soldiers,4033
Block,554
Adhesion,4199
Allemande,1961
Astralesce_and_Constellation,1731
Branching_Coral,1660
Breakback,1465
Breakthrough_Checkers,1013
Breakthrough_Chess,1012
Chains_of_Thought,1965
Conflagration_and_Keep-a-riding,1732
Dogtown_Clans,1737
Dont_Mosey_and_The_Last_Scavenger,1733
Double-Move_Situ,1734
Double-Run_Stone,1963
Ecosys,1987
Equi_Game_SystemEqui_Described,2878
Equi_Game_SystemEquiversi_Described,2879
Equi_Game_SystemEquiversi_2_Described,2880
Faraday,1531
Flowers,663
Freeze_Frenzy,3981
Goldilocks_Stones,1538
Ciri_Amber,660
CrossGeo,682
Ilpion,694
LastEdge,698
Line_and_Cross,680
Nedilmarth,701
Nein_Ari,702
OddEvenTree,696
Onek_Rong,674
Oriath,699
Radran,691
SpanRups,695
Windir,700
Greater_Even_Loss,1355
Greater_Loss,1354
Greater,1316
Greatest_Loss,1317
Hexifact,1968
Hops-a-Daisy_Generalized,1159
Morpharaoh,1585
Mutant_Y^3,3979
N-Mesh,1666
Netted,1652
OffShore,1988
Parry,3963
Polypods,1994
Rabbit_Warrens,1761
Skirt,3962
SnipSnip,3863
Sprout-R-Out,1649
Tennessee_WaltzSquare_Described,1999
Tennessee_WaltzHex_Described,2657
The_SmallHolderThe_Smallholder-_Gaps_Original_Described,2652
The_SmallHolderThe_Smallholder-_Nibbler_Described,2001
The_SmallHolderThe_Smallholder-_Offshore_Gaps_Described,2653
The_SmallHolderThe_Smallholder-_Stymie_Described,2654
The_SmallHolderThe_Smallholder-_Hull_Setbacks_Described,2655
Tri-It-Out,3862
Veloop_Hex,1984
Veloop_Square,1983
Watershed,1661
Windflowers,1549
Wrigglers_Squared,1970
Wrigglers,1969
AksadyutaSyed_Scholarly,787
Contagion,132
Crossline,678
DisPath,620
Dots_and_Boxes,103
Hackenbush,697
Hamiltonian_Maze,616
Icosian,615
MaxMatch,618
Sim,617
Two-Colour,619
Wagner,614
Chopsticks,129
Morra,600
Rock-Paper-Scissors,126
Iterated_Prisoners_Dilemma,1773
Mastermind,1157
Chomp,679
Fibonacci_Nim,1158
NimBasic_Described,130
So_Long_Sucker,1772
2048,1979
BoxOff,974
Buttons_And_Lights,1775
Chase,685
Chess_Puzzle,455
Chuka,1223
Insanity,121
Jiu_Zi_Xian_Qi,1454
Knights_Tour,122
Labirintus,1624
Lam_Turki,916
Lights_Out,1777
Mawryngkneng_Solitaire_Game,902
Maze,1146
Minesweeper,4197
Monty_Hall_Problem,1155
Morpion_Solitaire,4032
N_Puzzles,123
Nao_Gutiya_Baithaneka,919
Peg_SolitaireEuropean_Described,570
Peg_SolitaireEnglish_Described,124
Pentalpha,917
Safe_Passage,459
Shisen-Sho,1323
Shogi_Puzzle,456
Theseus_and_the_Minotaur,684
Tower_of_Hanoi,125
